curso,ano,prova,tipoquestao,idquestao,objeto,objetodetalhado,gabarito,acertoscurso,acertosregiao,acertosbrasil,acertosdif,texto,imagem,urlprova,urlsintese,urlcurso,urlcrop
SI,2017,Geral,Discursiva,D1,"Ética, democracia e cidadania; responsabilidade social; sociodiversidade e multiculturalismo.","P 01: ético e comprometido com as questões sociais, culturais e ambientais;
R 02: ler, interpretar e produzir textos com clareza e coerência;
OC 01: ética, democracia e cidadania;
OC 08: responsabilidade social;
OC 09: sociodiversidade e multiculturalismo.",-,"52,9","50,7","52,6","0,3",,,http://download.inep.gov.br/educacao_superior/enade/provas/2017/40_SIS_INFORMACAO_BAIXA.pdf,http://download.inep.gov.br/educacao_superior/enade/relatorio_sintese/2017/Sistema_de_Informacao.pdf,http://enadeies.inep.gov.br/enadeResultadoPDF/2017/relatorio/cursos/40060058243169070000121636.pdf,
SI,2017,Geral,Discursiva,D2,Ética democracia cidadania; sociodiversidade e multiculturalismo.,"P 02: humanista e crítico, apoiado em conhecimentos científico, social e cultural, historicamente construídos, que transcendam o ambiente próprio de sua formação.
R 10: promover, em situações de conflito, diálogo e regras coletivas de convivência, integrando saberes e conhecimentos, compartilhando metas e objetivos coletivos.
OC 01: ética democracia cidadania;
OC 09: sociodiversidade e multiculturalismo.",-,"55,4","47,6",49,"6,4",,,http://download.inep.gov.br/educacao_superior/enade/provas/2017/40_SIS_INFORMACAO_BAIXA.pdf,http://download.inep.gov.br/educacao_superior/enade/relatorio_sintese/2017/Sistema_de_Informacao.pdf,http://enadeies.inep.gov.br/enadeResultadoPDF/2017/relatorio/cursos/40060058243169070000121636.pdf,
SI,2017,Geral,Objetiva,1,Globalização e política internacional.,"P 03: protagonista do saber, com visão do mundo em sua diversidade para práticas de letramento, voltadas para o exercício pleno de cidadania.
R 04: interpretar diferentes representações simbólicas, gráficas e numéricas de um mesmo conceito.
OC 03: Globalização e política internacional.",C,56,"26,6","23,6","32,4",,,http://download.inep.gov.br/educacao_superior/enade/provas/2017/40_SIS_INFORMACAO_BAIXA.pdf,http://download.inep.gov.br/educacao_superior/enade/relatorio_sintese/2017/Sistema_de_Informacao.pdf,http://enadeies.inep.gov.br/enadeResultadoPDF/2017/relatorio/cursos/40060058243169070000121636.pdf,
SI,2017,Geral,Objetiva,2,"Vida urbana e vida rural; Relações de trabalho; Ciência, tecnologia e sociedade.","P 02: humanista e crítico, apoiado em conhecimentos científico, social e cultural, historicamente construídos, que transcendam o ambiente próprio de sua formação.
R 06: organizar, interpretar e sintetizar informações para tomada de decisões.
OC 05: Vida urbana e vida rural;
OC 10: Relações de trabalho;
OC 11: Ciência, tecnologia e sociedade.",C,56,"54,8","50,3","5,7",,,http://download.inep.gov.br/educacao_superior/enade/provas/2017/40_SIS_INFORMACAO_BAIXA.pdf,http://download.inep.gov.br/educacao_superior/enade/relatorio_sintese/2017/Sistema_de_Informacao.pdf,http://enadeies.inep.gov.br/enadeResultadoPDF/2017/relatorio/cursos/40060058243169070000121636.pdf,
SI,2017,Geral,Objetiva,3,Meio ambiente; Responsabilidade social.,"P 01: ético e comprometido com as questões sociais, culturais e ambientais;
R 04: interpretar diferentes representações simbólicas, gráficas e numéricas de um mesmo conceito.
OC 06: Meio ambiente;
OC 08: Responsabilidade social.",B,48,"36,8","35,6","12,4",,,http://download.inep.gov.br/educacao_superior/enade/provas/2017/40_SIS_INFORMACAO_BAIXA.pdf,http://download.inep.gov.br/educacao_superior/enade/relatorio_sintese/2017/Sistema_de_Informacao.pdf,http://enadeies.inep.gov.br/enadeResultadoPDF/2017/relatorio/cursos/40060058243169070000121636.pdf,
SI,2017,Geral,Objetiva,4,"Tecnologias de Informação e Comunicação; Ciência, tecnologia e sociedade.","P 03: protagonista do saber, com visão do mundo em sua diversidade para práticas de letramento, voltadas para o exercício pleno de cidadania.
R 05: formular e articular argumentos consistentes em situações sociocomunicativas, expressando-se com clareza, coerência e precisão;
OC 13: Tecnologias de Informação e Comunicação;
OC 11: Ciência, tecnologia e sociedade.",B,92,"66,2","63,4","28,6",,,http://download.inep.gov.br/educacao_superior/enade/provas/2017/40_SIS_INFORMACAO_BAIXA.pdf,http://download.inep.gov.br/educacao_superior/enade/relatorio_sintese/2017/Sistema_de_Informacao.pdf,http://enadeies.inep.gov.br/enadeResultadoPDF/2017/relatorio/cursos/40060058243169070000121636.pdf,
SI,2017,Geral,Objetiva,5,Inovação tecnológica; meio ambiente.,"P 04: proativo, solidário, autônomo e consciente na tomada de decisões pautadas pela análise contextualizada das evidências disponíveis;
R 07: planejar e elaborar projetos de ação e intervenção a partir da análise de necessidades, de forma coerente, em diferentes contextos;
OC 12: Inovação tecnológica;
OC 06: meio ambiente.",C,88,"65,4","61,8","26,2",,,http://download.inep.gov.br/educacao_superior/enade/provas/2017/40_SIS_INFORMACAO_BAIXA.pdf,http://download.inep.gov.br/educacao_superior/enade/relatorio_sintese/2017/Sistema_de_Informacao.pdf,http://enadeies.inep.gov.br/enadeResultadoPDF/2017/relatorio/cursos/40060058243169070000121636.pdf,
SI,2017,Geral,Objetiva,6,Processos migratórios; Relações de trabalho.,"P 04: proativo, solidário, autônomo e consciente na tomada de decisões pautadas pela análise contextualizada das evidências disponíveis;
R 08: buscar soluções viáveis e inovadoras na resolução de situações-problema;
OC 04: Processos migratórios;
OC 10: Relações de trabalho.",E,100,"85,2","84,7","15,3",,,http://download.inep.gov.br/educacao_superior/enade/provas/2017/40_SIS_INFORMACAO_BAIXA.pdf,http://download.inep.gov.br/educacao_superior/enade/relatorio_sintese/2017/Sistema_de_Informacao.pdf,http://enadeies.inep.gov.br/enadeResultadoPDF/2017/relatorio/cursos/40060058243169070000121636.pdf,
SI,2017,Geral,Objetiva,7,Cultura e arte.,"P 05: colaborativo e propositivo no trabalho em equipes, grupos e redes, atuando com respeito, cooperação, iniciativa e responsabilidade social.
R 09: trabalhar em equipe, promovendo a troca de informações e a participação coletiva, com autocontrole e flexibilidade;
OC 02: Cultura e arte.",A,44,"39,7","34,9","9,1",,,http://download.inep.gov.br/educacao_superior/enade/provas/2017/40_SIS_INFORMACAO_BAIXA.pdf,http://download.inep.gov.br/educacao_superior/enade/relatorio_sintese/2017/Sistema_de_Informacao.pdf,http://enadeies.inep.gov.br/enadeResultadoPDF/2017/relatorio/cursos/40060058243169070000121636.pdf,
SI,2017,Geral,Objetiva,8,"Responsabilidade social; Ética, democracia e cidadania; sociodiversidade e multiculturalismo.","P 05: colaborativo e propositivo no trabalho em equipes, grupos e redes, atuando com respeito, cooperação, iniciativa e responsabilidade social.
R 07: planejar e elaborar projetos de ação e intervenção a partir da análise de necessidades, de forma coerente, em diferentes contextos;
OC 08: Responsabilidade social;
OC 01: Ética, democracia e cidadania;
OC 09: sociodiversidade e multiculturalismo.",D,60,"46,7","46,5","13,5",,,http://download.inep.gov.br/educacao_superior/enade/provas/2017/40_SIS_INFORMACAO_BAIXA.pdf,http://download.inep.gov.br/educacao_superior/enade/relatorio_sintese/2017/Sistema_de_Informacao.pdf,http://enadeies.inep.gov.br/enadeResultadoPDF/2017/relatorio/cursos/40060058243169070000121636.pdf,
SI,2017,Específica,Discursiva,D3,Governança de Tecnologia da Informação e Comunicação.,"P 01: comprometido com sua atualização contínua e aprimoramento de suas competências e habilidades, considerando o mundo globalizado do trabalho;
R 03: prospectar, elaborar e avaliar soluções de tecnologia da informação, considerando aspectos estratégicos, tecnológicos, econômicos, sociais e ambientais;
OC 09: Governança de Tecnologia da Informação e Comunicação.",-,24,"19,5","17,7","6,3",,,http://download.inep.gov.br/educacao_superior/enade/provas/2017/40_SIS_INFORMACAO_BAIXA.pdf,http://download.inep.gov.br/educacao_superior/enade/relatorio_sintese/2017/Sistema_de_Informacao.pdf,http://enadeies.inep.gov.br/enadeResultadoPDF/2017/relatorio/cursos/40060058243169070000121636.pdf,
SI,2017,Específica,Discursiva,D4,Algoritmos e Estruturas de Dados.,"P 05: proativo e eficaz na identificação e solução de problemas sociais e organizacionais, com visão sistêmica e pensamento computacional;
R 05: especificar, projetar e implementar software para sistemas de informação;
OC 03: Algoritmos e Estruturas de Dados.",-,60,"32,5","28,3","31,7",,,http://download.inep.gov.br/educacao_superior/enade/provas/2017/40_SIS_INFORMACAO_BAIXA.pdf,http://download.inep.gov.br/educacao_superior/enade/relatorio_sintese/2017/Sistema_de_Informacao.pdf,http://enadeies.inep.gov.br/enadeResultadoPDF/2017/relatorio/cursos/40060058243169070000121636.pdf,https://drive.google.com/uc?export=download&id=1K-8qtxoMM3PIW6TclqIvRgjx8bELuHxJ
SI,2017,Específica,Discursiva,D5,Engenharia de Software. Modelagem de Sistemas de Informação.,"P 05: proativo e eficaz na identificação e solução de problemas sociais e organizacionais, com visão sistêmica e pensamento computacional;
R 05: especificar, projetar e implementar software para sistemas de informação;
OC 13: Engenharia de Software.
OC 14: Modelagem de Sistemas de Informação.",-,"31,2","16,7",15,"16,2",,,http://download.inep.gov.br/educacao_superior/enade/provas/2017/40_SIS_INFORMACAO_BAIXA.pdf,http://download.inep.gov.br/educacao_superior/enade/relatorio_sintese/2017/Sistema_de_Informacao.pdf,http://enadeies.inep.gov.br/enadeResultadoPDF/2017/relatorio/cursos/40060058243169070000121636.pdf,
SI,2017,Específica,Objetiva,9,Engenharia de Software.,"P 01: comprometido com sua atualização contínua e aprimoramento de suas competências e habilidades, considerando o mundo globalizado do trabalho;
R 03: prospectar, elaborar e avaliar soluções de tecnologia da informação, considerando aspectos estratégicos, tecnológicos, econômicos, sociais e ambientais;
OC 13: Engenharia de Software.",C,-,-,-,-,,,http://download.inep.gov.br/educacao_superior/enade/provas/2017/40_SIS_INFORMACAO_BAIXA.pdf,http://download.inep.gov.br/educacao_superior/enade/relatorio_sintese/2017/Sistema_de_Informacao.pdf,http://enadeies.inep.gov.br/enadeResultadoPDF/2017/relatorio/cursos/40060058243169070000121636.pdf,
SI,2017,Específica,Objetiva,10,Gerência de Projetos.,"P 03: inovador e empreendedor no atendimento aos desafios e às demandas sociais e organizacionais do Brasil e do mundo;
R 11: gerenciar projetos na área de Sistemas de Informação;
OC 15: Gerência de Projetos.",E,-,-,-,-,,,http://download.inep.gov.br/educacao_superior/enade/provas/2017/40_SIS_INFORMACAO_BAIXA.pdf,http://download.inep.gov.br/educacao_superior/enade/relatorio_sintese/2017/Sistema_de_Informacao.pdf,http://enadeies.inep.gov.br/enadeResultadoPDF/2017/relatorio/cursos/40060058243169070000121636.pdf,
SI,2017,Específica,Objetiva,11,Banco de Dados.,"P 01: comprometido com sua atualização contínua e aprimoramento de suas competências e habilidades, considerando o mundo globalizado do trabalho;
R 03: prospectar, elaborar e avaliar soluções de tecnologia da informação, considerando aspectos estratégicos, tecnológicos, econômicos, sociais e ambientais;
OC 19: Banco de Dados.",A,"44,0",23,"21,6","22,4",,,http://download.inep.gov.br/educacao_superior/enade/provas/2017/40_SIS_INFORMACAO_BAIXA.pdf,http://download.inep.gov.br/educacao_superior/enade/relatorio_sintese/2017/Sistema_de_Informacao.pdf,http://enadeies.inep.gov.br/enadeResultadoPDF/2017/relatorio/cursos/40060058243169070000121636.pdf,
SI,2017,Específica,Objetiva,12,Informática e Sociedade.,"P 02: sensível e crítico frente às questões sociais, profissionais, legais, éticas, políticas, humanísticas e tecnológicas
R 03: prospectar, elaborar e avaliar soluções de tecnologia da informação, considerando aspectos estratégicos, tecnológicos, econômicos, sociais e ambientais;
OC 22: Informática e Sociedade.",C,"40,0","51,5",52,"-12,0",,,http://download.inep.gov.br/educacao_superior/enade/provas/2017/40_SIS_INFORMACAO_BAIXA.pdf,http://download.inep.gov.br/educacao_superior/enade/relatorio_sintese/2017/Sistema_de_Informacao.pdf,http://enadeies.inep.gov.br/enadeResultadoPDF/2017/relatorio/cursos/40060058243169070000121636.pdf,
SI,2017,Específica,Objetiva,13,Arquitetura empresarial e da tecnologia da informação.,"P 03: inovador e empreendedor no atendimento aos desafios e às demandas sociais e organizacionais do Brasil e do mundo;
R 03: prospectar, elaborar e avaliar soluções de tecnologia da informação, considerando aspectos estratégicos, tecnológicos, econômicos, sociais e ambientais;
OC 08: Arquitetura empresarial e da tecnologia da informação.",E,"32,0","36,8","39,3","-7,3",,,http://download.inep.gov.br/educacao_superior/enade/provas/2017/40_SIS_INFORMACAO_BAIXA.pdf,http://download.inep.gov.br/educacao_superior/enade/relatorio_sintese/2017/Sistema_de_Informacao.pdf,http://enadeies.inep.gov.br/enadeResultadoPDF/2017/relatorio/cursos/40060058243169070000121636.pdf,
SI,2017,Específica,Objetiva,14,Fundamentos de Sistemas de Informação e Teoria Geral de Sistemas.,"P 04: consciente e crítico sobre o papel da Tecnologia da Informação e Comunicação (TIC) nos contextos sociais e organizacionais;
R 01: analisar e modelar contextos sociais e organizacionais, distinguindo seus elementos constituintes e dependências entre eles;
OC 06: Fundamentos de Sistemas de Informação e Teoria Geral de Sistemas.",-,-,-,-,-,,,http://download.inep.gov.br/educacao_superior/enade/provas/2017/40_SIS_INFORMACAO_BAIXA.pdf,http://download.inep.gov.br/educacao_superior/enade/relatorio_sintese/2017/Sistema_de_Informacao.pdf,http://enadeies.inep.gov.br/enadeResultadoPDF/2017/relatorio/cursos/40060058243169070000121636.pdf,
SI,2017,Específica,Objetiva,15,Arquitetura da informação.,"P 04: consciente e crítico sobre o papel da Tecnologia da Informação e Comunicação (TIC) nos contextos sociais e organizacionais;
R 02: gerir a arquitetura de tecnologia da informação, considerando seu alinhamento aos objetivos estratégico-organizacionais;
OC 07: Arquitetura da informação.",A,"60,0",47,"50,1","9,9",,,http://download.inep.gov.br/educacao_superior/enade/provas/2017/40_SIS_INFORMACAO_BAIXA.pdf,http://download.inep.gov.br/educacao_superior/enade/relatorio_sintese/2017/Sistema_de_Informacao.pdf,http://enadeies.inep.gov.br/enadeResultadoPDF/2017/relatorio/cursos/40060058243169070000121636.pdf,
SI,2017,Específica,Objetiva,16,Interação Humano-Computador.,"P 04: consciente e crítico sobre o papel da Tecnologia da Informação e Comunicação (TIC) nos contextos sociais e organizacionais;
R 03: prospectar, elaborar e avaliar soluções de tecnologia da informação, considerando aspectos estratégicos, tecnológicos, econômicos, sociais e ambientais;
OC 17: Interação Humano-Computador.",D,"92,0","73,3","72,2","19,8",,,http://download.inep.gov.br/educacao_superior/enade/provas/2017/40_SIS_INFORMACAO_BAIXA.pdf,http://download.inep.gov.br/educacao_superior/enade/relatorio_sintese/2017/Sistema_de_Informacao.pdf,http://enadeies.inep.gov.br/enadeResultadoPDF/2017/relatorio/cursos/40060058243169070000121636.pdf,
SI,2017,Específica,Objetiva,17,Qualidade de Processo e Produto.,"P 04: consciente e crítico sobre o papel da Tecnologia da Informação e Comunicação (TIC) nos contextos sociais e organizacionais;
R 07: avaliar a qualidade de processos e produtos de software para Sistemas de Informação;
OC 16: Qualidade de Processo e Produto.",B,"84,0","74,5","73,8","10,2",,,http://download.inep.gov.br/educacao_superior/enade/provas/2017/40_SIS_INFORMACAO_BAIXA.pdf,http://download.inep.gov.br/educacao_superior/enade/relatorio_sintese/2017/Sistema_de_Informacao.pdf,http://enadeies.inep.gov.br/enadeResultadoPDF/2017/relatorio/cursos/40060058243169070000121636.pdf,
SI,2017,Específica,Objetiva,18,Arquitetura empresarial e da tecnologia da informação.,"P 04: consciente e crítico sobre o papel da Tecnologia da Informação e Comunicação (TIC) nos contextos sociais e organizacionais;
R 03: prospectar, elaborar e avaliar soluções de tecnologia da informação, considerando aspectos estratégicos, tecnológicos, econômicos, sociais e ambientais;
OC 08: Arquitetura empresarial e da tecnologia da informação.",B,"28,0","36,2","37,8","-9,8",,,http://download.inep.gov.br/educacao_superior/enade/provas/2017/40_SIS_INFORMACAO_BAIXA.pdf,http://download.inep.gov.br/educacao_superior/enade/relatorio_sintese/2017/Sistema_de_Informacao.pdf,http://enadeies.inep.gov.br/enadeResultadoPDF/2017/relatorio/cursos/40060058243169070000121636.pdf,
SI,2017,Específica,Objetiva,19,Pesquisa Operacional.,"P 05: proativo e eficaz na identificação e solução de problemas sociais e organizacionais, com visão sistêmica e pensamento computacional;
R 01: analisar e modelar contextos sociais e organizacionais, distinguindo seus elementos constituintes e dependências entre eles;
OC 05: Pesquisa Operacional.",B,"76,0","48,1",46,"30,0",,,http://download.inep.gov.br/educacao_superior/enade/provas/2017/40_SIS_INFORMACAO_BAIXA.pdf,http://download.inep.gov.br/educacao_superior/enade/relatorio_sintese/2017/Sistema_de_Informacao.pdf,http://enadeies.inep.gov.br/enadeResultadoPDF/2017/relatorio/cursos/40060058243169070000121636.pdf,
SI,2017,Específica,Objetiva,20,Lógica Matemática e Matemática Discreta.,"P 05: proativo e eficaz na identificação e solução de problemas sociais e organizacionais, com visão sistêmica e pensamento computacional;
R 04: analisar problemas e propor soluções algorítmicas;
OC 01: Lógica Matemática e Matemática Discreta.",E,"48,0","33,9","35,9","12,1",,,http://download.inep.gov.br/educacao_superior/enade/provas/2017/40_SIS_INFORMACAO_BAIXA.pdf,http://download.inep.gov.br/educacao_superior/enade/relatorio_sintese/2017/Sistema_de_Informacao.pdf,http://enadeies.inep.gov.br/enadeResultadoPDF/2017/relatorio/cursos/40060058243169070000121636.pdf,https://drive.google.com/uc?export=download&id=1KV452QuIudE2zh2JjvBCDhCjjr4h2uaq
SI,2017,Específica,Objetiva,21,Modelagem de Sistemas de Informação.,"P 05: proativo e eficaz na identificação e solução de problemas sociais e organizacionais, com visão sistêmica e pensamento computacional;
R 05: especificar, projetar e implementar software para sistemas de informação;
OC 14: Modelagem de Sistemas de Informação.",B,"40,0","31,2","30,2","9,8",,,http://download.inep.gov.br/educacao_superior/enade/provas/2017/40_SIS_INFORMACAO_BAIXA.pdf,http://download.inep.gov.br/educacao_superior/enade/relatorio_sintese/2017/Sistema_de_Informacao.pdf,http://enadeies.inep.gov.br/enadeResultadoPDF/2017/relatorio/cursos/40060058243169070000121636.pdf,
SI,2017,Específica,Objetiva,22,Sistemas Operacionais; Redes de Computadores e Sistemas Distribuídos.,"P 05: proativo e eficaz na identificação e solução de problemas sociais e organizacionais, com visão sistêmica e pensamento computacional;
R 10: gerenciar o desempenho das aplicações e a escalabilidade dos sistemas de informação;
OC 11: Sistemas Operacionais;
OC 12: Redes de Computadores e Sistemas Distribuídos.",D,"72,0","42,3","41,7","30,3",,,http://download.inep.gov.br/educacao_superior/enade/provas/2017/40_SIS_INFORMACAO_BAIXA.pdf,http://download.inep.gov.br/educacao_superior/enade/relatorio_sintese/2017/Sistema_de_Informacao.pdf,http://enadeies.inep.gov.br/enadeResultadoPDF/2017/relatorio/cursos/40060058243169070000121636.pdf,
SI,2017,Específica,Objetiva,23,Banco de Dados.,"P 05: proativo e eficaz na identificação e solução de problemas sociais e organizacionais, com visão sistêmica e pensamento computacional;
R 12: especificar, projetar, implementar e gerenciar bases de dados e de informação para as organizações e sociedade;
OC 19: Banco de Dados.",D,"56,0","42,9","45,5","10,5",,,http://download.inep.gov.br/educacao_superior/enade/provas/2017/40_SIS_INFORMACAO_BAIXA.pdf,http://download.inep.gov.br/educacao_superior/enade/relatorio_sintese/2017/Sistema_de_Informacao.pdf,http://enadeies.inep.gov.br/enadeResultadoPDF/2017/relatorio/cursos/40060058243169070000121636.pdf,
SI,2017,Específica,Objetiva,24,Probabilidade e Estatística.,"P 08: responsável no emprego dos recursos financeiros, tecnológicos, pessoais, ambientais, metodológicos e econômicos envolvidos em seu contexto de atuação
R 13: analisar dados e informações para subsidiar a tomada de decisão e a gestão do conhecimento organizacional
OC 02: Probabilidade e Estatística.",B,"44,0","26,5","27,5","16,5",,,http://download.inep.gov.br/educacao_superior/enade/provas/2017/40_SIS_INFORMACAO_BAIXA.pdf,http://download.inep.gov.br/educacao_superior/enade/relatorio_sintese/2017/Sistema_de_Informacao.pdf,http://enadeies.inep.gov.br/enadeResultadoPDF/2017/relatorio/cursos/40060058243169070000121636.pdf,
SI,2017,Específica,Objetiva,25,Gestão de Processos de Negócio.,"P 06: criativo na proposição de soluções em sistemas de informação, buscando múltiplas perspectivas e alternativas nas diversas áreas do conhecimento.
R 06: implantar, evoluir e administrar sistemas de informação;
OC 21: Gestão de Processos de Negócio.",B,-,-,-,-,,,http://download.inep.gov.br/educacao_superior/enade/provas/2017/40_SIS_INFORMACAO_BAIXA.pdf,http://download.inep.gov.br/educacao_superior/enade/relatorio_sintese/2017/Sistema_de_Informacao.pdf,http://enadeies.inep.gov.br/enadeResultadoPDF/2017/relatorio/cursos/40060058243169070000121636.pdf,
SI,2017,Específica,Objetiva,26,"Fundamentos, Paradigmas e Linguagens de Programação.","P 06: criativo na proposição de soluções em sistemas de informação, buscando múltiplas perspectivas e alternativas nas diversas áreas do conhecimento.
R 04: analisar problemas e propor soluções algorítmicas;
OC 04: Fundamentos, Paradigmas e Linguagens de Programação.",E,"60,0",49,49,"11,0",,,http://download.inep.gov.br/educacao_superior/enade/provas/2017/40_SIS_INFORMACAO_BAIXA.pdf,http://download.inep.gov.br/educacao_superior/enade/relatorio_sintese/2017/Sistema_de_Informacao.pdf,http://enadeies.inep.gov.br/enadeResultadoPDF/2017/relatorio/cursos/40060058243169070000121636.pdf,https://drive.google.com/uc?export=download&id=1KV452QuIudE2zh2JjvBCDhCjjr4h2uaq
SI,2017,Específica,Objetiva,27,Gestão do Conhecimento.,"P 06: criativo na proposição de soluções em sistemas de informação, buscando múltiplas perspectivas e alternativas nas diversas áreas do conhecimento.
R 13: analisar dados e informações para subsidiar a tomada de decisão e a gestão do conhecimento organizacional
OC 20: Gestão do Conhecimento.",A,"72,0","53,1","50,8","21,2",,,http://download.inep.gov.br/educacao_superior/enade/provas/2017/40_SIS_INFORMACAO_BAIXA.pdf,http://download.inep.gov.br/educacao_superior/enade/relatorio_sintese/2017/Sistema_de_Informacao.pdf,http://enadeies.inep.gov.br/enadeResultadoPDF/2017/relatorio/cursos/40060058243169070000121636.pdf,
SI,2017,Específica,Objetiva,28,Gerência de Projetos.,"P 07: empático, comunicativo, colaborativo, flexível e assertivo na interlocução com as partes interessadas na solução de problemas sociais e organizacionais;
R 11: gerenciar projetos na área de Sistemas de Informação;
OC 15: Gerência de Projetos.",E,"48,0","42,1","40,3","7,7",,,http://download.inep.gov.br/educacao_superior/enade/provas/2017/40_SIS_INFORMACAO_BAIXA.pdf,http://download.inep.gov.br/educacao_superior/enade/relatorio_sintese/2017/Sistema_de_Informacao.pdf,http://enadeies.inep.gov.br/enadeResultadoPDF/2017/relatorio/cursos/40060058243169070000121636.pdf,
SI,2017,Específica,Objetiva,29,Gestão de Processos de Negócio.,"P 05: proativo e eficaz na identificação e solução de problemas sociais e organizacionais, com visão sistêmica e pensamento computacional;
R 03: prospectar, elaborar e avaliar soluções de tecnologia da informação, considerando aspectos estratégicos, tecnológicos, econômicos, sociais e ambientais;
OC 21: Gestão de Processos de Negócio.",A,-,-,-,-,,,http://download.inep.gov.br/educacao_superior/enade/provas/2017/40_SIS_INFORMACAO_BAIXA.pdf,http://download.inep.gov.br/educacao_superior/enade/relatorio_sintese/2017/Sistema_de_Informacao.pdf,http://enadeies.inep.gov.br/enadeResultadoPDF/2017/relatorio/cursos/40060058243169070000121636.pdf,
SI,2017,Específica,Objetiva,30,Engenharia de Software; Qualidade de Processo e Produto.,"P 06: criativo na proposição de soluções em sistemas de informação, buscando múltiplas perspectivas e alternativas nas diversas áreas do conhecimento.
R 05: especificar, projetar e implementar software para sistemas de informação;
OC 13: Engenharia de Software;
OC 16: Qualidade de Processo e Produto.",C,"56,0","52,6","54,6","1,4",,,http://download.inep.gov.br/educacao_superior/enade/provas/2017/40_SIS_INFORMACAO_BAIXA.pdf,http://download.inep.gov.br/educacao_superior/enade/relatorio_sintese/2017/Sistema_de_Informacao.pdf,http://enadeies.inep.gov.br/enadeResultadoPDF/2017/relatorio/cursos/40060058243169070000121636.pdf,
SI,2017,Específica,Objetiva,31,Redes de Computadores e Sistemas Distribuídos.,"P 08: responsável no emprego dos recursos financeiros, tecnológicos, pessoais, ambientais, metodológicos e econômicos envolvidos em seu contexto de atuação
R 08: gerenciar e manter infraestrutura de TICs para sistemas de informação;
OC 12: Redes de Computadores e Sistemas Distribuídos.",B,"48,0","52,1","49,3","-1,3",,,http://download.inep.gov.br/educacao_superior/enade/provas/2017/40_SIS_INFORMACAO_BAIXA.pdf,http://download.inep.gov.br/educacao_superior/enade/relatorio_sintese/2017/Sistema_de_Informacao.pdf,http://enadeies.inep.gov.br/enadeResultadoPDF/2017/relatorio/cursos/40060058243169070000121636.pdf,
SI,2017,Específica,Objetiva,32,Governança de Tecnologia da Informação e Comunicação.,"P 08: responsável no emprego dos recursos financeiros, tecnológicos, pessoais, ambientais, metodológicos e econômicos envolvidos em seu contexto de atuação
R 06: implantar, evoluir e administrar sistemas de informação;
OC 09: Governança de Tecnologia da Informação e Comunicação.",D,"28,0","28,5","29,9","-1,9",,,http://download.inep.gov.br/educacao_superior/enade/provas/2017/40_SIS_INFORMACAO_BAIXA.pdf,http://download.inep.gov.br/educacao_superior/enade/relatorio_sintese/2017/Sistema_de_Informacao.pdf,http://enadeies.inep.gov.br/enadeResultadoPDF/2017/relatorio/cursos/40060058243169070000121636.pdf,
SI,2017,Específica,Objetiva,33,Segurança e Auditoria de Sistemas.,"P 08: responsável no emprego dos recursos financeiros, tecnológicos, pessoais, ambientais, metodológicos e econômicos envolvidos em seu contexto de atuação
R 09: gerenciar, estabelecer e manter a segurança dos sistemas de informação;
OC 18: Segurança e Auditoria de Sistemas.",C,"92,0","84,3",83,"9,0",,,http://download.inep.gov.br/educacao_superior/enade/provas/2017/40_SIS_INFORMACAO_BAIXA.pdf,http://download.inep.gov.br/educacao_superior/enade/relatorio_sintese/2017/Sistema_de_Informacao.pdf,http://enadeies.inep.gov.br/enadeResultadoPDF/2017/relatorio/cursos/40060058243169070000121636.pdf,
SI,2017,Específica,Objetiva,34,Arquitetura e Organização de Computadores.,"P 08: responsável no emprego dos recursos financeiros, tecnológicos, pessoais, ambientais, metodológicos e econômicos envolvidos em seu contexto de atuação
R 10: gerenciar o desempenho das aplicações e a escalabilidade dos sistemas de informação;
OC 10: Arquitetura e Organização de Computadores.",C,"68,0","45,6","43,7","24,3",,,http://download.inep.gov.br/educacao_superior/enade/provas/2017/40_SIS_INFORMACAO_BAIXA.pdf,http://download.inep.gov.br/educacao_superior/enade/relatorio_sintese/2017/Sistema_de_Informacao.pdf,http://enadeies.inep.gov.br/enadeResultadoPDF/2017/relatorio/cursos/40060058243169070000121636.pdf,
SI,2017,Específica,Objetiva,35,Algoritmos e Estruturas de Dados.,"P 05: proativo e eficaz na identificação e solução de problemas sociais e organizacionais, com visão sistêmica e pensamento computacional;
R 04: analisar problemas e propor soluções algorítmicas;
OC 03: Algoritmos e Estruturas de Dados.",C,"80,0","55,4","54,8","25,2",,,http://download.inep.gov.br/educacao_superior/enade/provas/2017/40_SIS_INFORMACAO_BAIXA.pdf,http://download.inep.gov.br/educacao_superior/enade/relatorio_sintese/2017/Sistema_de_Informacao.pdf,http://enadeies.inep.gov.br/enadeResultadoPDF/2017/relatorio/cursos/40060058243169070000121636.pdf,
SI,2014,Geral,Discursiva,D1,,,-,"64,5","55,9","53,5",11,,,http://download.inep.gov.br/educacao_superior/enade/provas/2014/39_sistemas_informacao.pdf,http://download.inep.gov.br/educacao_superior/enade/relatorio_sintese/2014/2014_rel_sistemas_de_informacao.pdf,http://enadeies.inep.gov.br/enadeResultadoPDF/2014/relatorio/cursos/4006005824316907.pdf,
SI,2014,Geral,Discursiva,D2,,,-,"58,6",48,"48,1","10,5",,,http://download.inep.gov.br/educacao_superior/enade/provas/2014/39_sistemas_informacao.pdf,http://download.inep.gov.br/educacao_superior/enade/relatorio_sintese/2014/2014_rel_sistemas_de_informacao.pdf,http://enadeies.inep.gov.br/enadeResultadoPDF/2014/relatorio/cursos/4006005824316907.pdf,
SI,2014,Geral,Objetiva,1,,,A,"57,1","60,4","58,1",-1,,,http://download.inep.gov.br/educacao_superior/enade/provas/2014/39_sistemas_informacao.pdf,http://download.inep.gov.br/educacao_superior/enade/relatorio_sintese/2014/2014_rel_sistemas_de_informacao.pdf,http://enadeies.inep.gov.br/enadeResultadoPDF/2014/relatorio/cursos/4006005824316907.pdf,
SI,2014,Geral,Objetiva,2,,,C,"47,6","48,7","46,1","1,5",,,http://download.inep.gov.br/educacao_superior/enade/provas/2014/39_sistemas_informacao.pdf,http://download.inep.gov.br/educacao_superior/enade/relatorio_sintese/2014/2014_rel_sistemas_de_informacao.pdf,http://enadeies.inep.gov.br/enadeResultadoPDF/2014/relatorio/cursos/4006005824316907.pdf,
SI,2014,Geral,Objetiva,3,,,E,"85,7","69,4","65,1","20,6",,,http://download.inep.gov.br/educacao_superior/enade/provas/2014/39_sistemas_informacao.pdf,http://download.inep.gov.br/educacao_superior/enade/relatorio_sintese/2014/2014_rel_sistemas_de_informacao.pdf,http://enadeies.inep.gov.br/enadeResultadoPDF/2014/relatorio/cursos/4006005824316907.pdf,
SI,2014,Geral,Objetiva,4,,,B,"90,5","84,6","82,9","7,6",,,http://download.inep.gov.br/educacao_superior/enade/provas/2014/39_sistemas_informacao.pdf,http://download.inep.gov.br/educacao_superior/enade/relatorio_sintese/2014/2014_rel_sistemas_de_informacao.pdf,http://enadeies.inep.gov.br/enadeResultadoPDF/2014/relatorio/cursos/4006005824316907.pdf,
SI,2014,Geral,Objetiva,5,,,D,"52,4","39,3","38,4",14,,,http://download.inep.gov.br/educacao_superior/enade/provas/2014/39_sistemas_informacao.pdf,http://download.inep.gov.br/educacao_superior/enade/relatorio_sintese/2014/2014_rel_sistemas_de_informacao.pdf,http://enadeies.inep.gov.br/enadeResultadoPDF/2014/relatorio/cursos/4006005824316907.pdf,
SI,2014,Geral,Objetiva,6,,,C,"66,7","59,6","57,7",9,,,http://download.inep.gov.br/educacao_superior/enade/provas/2014/39_sistemas_informacao.pdf,http://download.inep.gov.br/educacao_superior/enade/relatorio_sintese/2014/2014_rel_sistemas_de_informacao.pdf,http://enadeies.inep.gov.br/enadeResultadoPDF/2014/relatorio/cursos/4006005824316907.pdf,
SI,2014,Geral,Objetiva,7,,,E,"71,4","53,7","55,5","15,9",,,http://download.inep.gov.br/educacao_superior/enade/provas/2014/39_sistemas_informacao.pdf,http://download.inep.gov.br/educacao_superior/enade/relatorio_sintese/2014/2014_rel_sistemas_de_informacao.pdf,http://enadeies.inep.gov.br/enadeResultadoPDF/2014/relatorio/cursos/4006005824316907.pdf,
SI,2014,Geral,Objetiva,8,,,D,"85,7","80,6","79,5","6,2",,,http://download.inep.gov.br/educacao_superior/enade/provas/2014/39_sistemas_informacao.pdf,http://download.inep.gov.br/educacao_superior/enade/relatorio_sintese/2014/2014_rel_sistemas_de_informacao.pdf,http://enadeies.inep.gov.br/enadeResultadoPDF/2014/relatorio/cursos/4006005824316907.pdf,
SI,2014,Específica,Discursiva,D3,,"P 05: pensamento criativo, crítico e sistêmico que possibilite a análise, a compreensão e a resolução de problemas organizacionais;
R 01: identificar problemas que tenham solução algorítmica e desenvolver soluções utilizando ambientes de programação;
OC 03: Algoritmos e Estruturas de Dados",-,"4,8",2,"1,8",3,,,http://download.inep.gov.br/educacao_superior/enade/provas/2014/39_sistemas_informacao.pdf,http://download.inep.gov.br/educacao_superior/enade/relatorio_sintese/2014/2014_rel_sistemas_de_informacao.pdf,http://enadeies.inep.gov.br/enadeResultadoPDF/2014/relatorio/cursos/4006005824316907.pdf,
SI,2014,Específica,Discursiva,D4,,"P 04: compreensão do impacto da Tecnologia da Informação e Comunicação (TIC) no que concerne ao atendimento e à
antecipação estratégica das necessidades da sociedade e, em particular, das organizações;
R 07: gerenciar, manter e garantir a segurança dos sistemas de informação e da infraestrutura de TIC das organizações;
OC 08: Governança de Tecnologia da Informação e Comunicação",-,9,"14,9","12,9","-3,9",,,http://download.inep.gov.br/educacao_superior/enade/provas/2014/39_sistemas_informacao.pdf,http://download.inep.gov.br/educacao_superior/enade/relatorio_sintese/2014/2014_rel_sistemas_de_informacao.pdf,http://enadeies.inep.gov.br/enadeResultadoPDF/2014/relatorio/cursos/4006005824316907.pdf,
SI,2014,Específica,Discursiva,D5,,"P 05 pensamento criativo, crítico e sistêmico que possibilite a análise, a compreensão
e a resolução de problemas organizacionais
R 08 desenvolver, evoluir e administrar os sistemas de informação das organizações
OC 12 Engenharia de Software",-,"33,6","13,6","11,4","22,2",,,http://download.inep.gov.br/educacao_superior/enade/provas/2014/39_sistemas_informacao.pdf,http://download.inep.gov.br/educacao_superior/enade/relatorio_sintese/2014/2014_rel_sistemas_de_informacao.pdf,http://enadeies.inep.gov.br/enadeResultadoPDF/2014/relatorio/cursos/4006005824316907.pdf,
SI,2014,Específica,Objetiva,9,,"P 05: pensamento criativo, crítico e sistêmico que possibilite a análise, a compreensão e a resolução de problemas organizacionais;
R 01: identificar problemas que tenham solução algorítmica e desenvolver soluções utilizando ambientes de programação;
OC 04: Fundamentos de Programação e Linguagens de Programação;",A,"90,5","74,3",66,"24,5",,,http://download.inep.gov.br/educacao_superior/enade/provas/2014/39_sistemas_informacao.pdf,http://download.inep.gov.br/educacao_superior/enade/relatorio_sintese/2014/2014_rel_sistemas_de_informacao.pdf,http://enadeies.inep.gov.br/enadeResultadoPDF/2014/relatorio/cursos/4006005824316907.pdf,
SI,2014,Específica,Objetiva,10,,"P 05: pensamento criativo, crítico e sistêmico que possibilite a análise, a compreensão e a resolução de problemas organizacionais;
R 12: gerenciar o desempenho das aplicações e a escalabilidade dos sistemas de informação;
OC 03: Algoritmos e Estruturas de Dados",B,"71,4","58,5","54,6","16,8",,,http://download.inep.gov.br/educacao_superior/enade/provas/2014/39_sistemas_informacao.pdf,http://download.inep.gov.br/educacao_superior/enade/relatorio_sintese/2014/2014_rel_sistemas_de_informacao.pdf,http://enadeies.inep.gov.br/enadeResultadoPDF/2014/relatorio/cursos/4006005824316907.pdf,
SI,2014,Específica,Objetiva,11,,"P 05: pensamento criativo, crítico e sistêmico que possibilite a análise, a compreensão e a resolução de problemas organizacionais;
R 06 comparar soluções alternativas para demandas organizacionais, incluindo a
análise de risco e integração das soluções propostas
OC 02: Probabilidade e Estatística",D,"76,2","50,5","48,2","28,0",,,http://download.inep.gov.br/educacao_superior/enade/provas/2014/39_sistemas_informacao.pdf,http://download.inep.gov.br/educacao_superior/enade/relatorio_sintese/2014/2014_rel_sistemas_de_informacao.pdf,http://enadeies.inep.gov.br/enadeResultadoPDF/2014/relatorio/cursos/4006005824316907.pdf,
SI,2014,Específica,Objetiva,12,,"P 04: compreensão do impacto da Tecnologia da Informação e Comunicação (TIC) no que concerne ao atendimento e à
antecipação estratégica das necessidades da sociedade e, em particular, das organizações;
R 06: comparar soluções alternativas para demandas organizacionais, incluindo a análise de risco e integração das soluções
propostas;
OC 05: Pesquisa Operacional",A,"42,9","33,2","31,2","11,7",,,http://download.inep.gov.br/educacao_superior/enade/provas/2014/39_sistemas_informacao.pdf,http://download.inep.gov.br/educacao_superior/enade/relatorio_sintese/2014/2014_rel_sistemas_de_informacao.pdf,http://enadeies.inep.gov.br/enadeResultadoPDF/2014/relatorio/cursos/4006005824316907.pdf,
SI,2014,Específica,Objetiva,13,,"P 04: compreensão do impacto da Tecnologia da Informação e Comunicação (TIC) no que concerne ao atendimento e à
antecipação estratégica das necessidades da sociedade e, em particular, das organizações; R 08 desenvolver, evoluir e administrar
os sistemas de informação das organizações OC 04: Fundamentos de Programação e Linguagens de Programação",D,"66,7","52,5","48,3","18,4",,,http://download.inep.gov.br/educacao_superior/enade/provas/2014/39_sistemas_informacao.pdf,http://download.inep.gov.br/educacao_superior/enade/relatorio_sintese/2014/2014_rel_sistemas_de_informacao.pdf,http://enadeies.inep.gov.br/enadeResultadoPDF/2014/relatorio/cursos/4006005824316907.pdf,
SI,2014,Específica,Objetiva,14,,"P 06: atuação como agente de mudança no contexto organizacional;
R 02: selecionar, configurar e gerenciar TICs nas Organizações; OC 04: Fundamentos de Programação e Linguagens de
Programação",B,"57,1","35,5","35,9","21,2",,,http://download.inep.gov.br/educacao_superior/enade/provas/2014/39_sistemas_informacao.pdf,http://download.inep.gov.br/educacao_superior/enade/relatorio_sintese/2014/2014_rel_sistemas_de_informacao.pdf,http://enadeies.inep.gov.br/enadeResultadoPDF/2014/relatorio/cursos/4006005824316907.pdf,
SI,2014,Específica,Objetiva,15,,"P 04: compreensão do impacto da Tecnologia da Informação e Comunicação (TIC) no que concerne ao atendimento e à
antecipação estratégica das necessidades da sociedade e, em particular, das organizações;
R 03: atuar nos níveis operacional, tático e estratégico para atingir os objetivos organizacionais, usando as TICs;
OC 06: Fundamentos de Sistemas de Informação e Teoria Geral de Sistemas OC 17 Banco de Dados",A,"61,9","47,9","46,8","15,1",,,http://download.inep.gov.br/educacao_superior/enade/provas/2014/39_sistemas_informacao.pdf,http://download.inep.gov.br/educacao_superior/enade/relatorio_sintese/2014/2014_rel_sistemas_de_informacao.pdf,http://enadeies.inep.gov.br/enadeResultadoPDF/2014/relatorio/cursos/4006005824316907.pdf,
SI,2014,Específica,Objetiva,16,Algoritmos e Estruturas de Dados,"P 03: atuação empreendedora e cooperativa no atendimento às demandas sociais da região onde atua, do Brasil e do mundo;
R 11: modelar e aprimorar processos de negócio;
OC 06: Fundamentos de Sistemas de Informação e Teoria Geral de Sistemas OC 08 Governança de Tecnologia da Informação e
Comunicação",E,-,-,-,-,,,http://download.inep.gov.br/educacao_superior/enade/provas/2014/39_sistemas_informacao.pdf,http://download.inep.gov.br/educacao_superior/enade/relatorio_sintese/2014/2014_rel_sistemas_de_informacao.pdf,http://enadeies.inep.gov.br/enadeResultadoPDF/2014/relatorio/cursos/4006005824316907.pdf,
SI,2014,Específica,Objetiva,17,Governança de Tecnologia da Informação e Comunicação,"P 05: pensamento criativo, crítico e sistêmico que possibilite a análise, a compreensão e a resolução de problemas organizacionais;
R 12 gerenciar o desempenho das aplicações e a escalabilidade dos sistemas de
informação
OC 10: Sistemas Operacionais",D,-,-,-,-,,,http://download.inep.gov.br/educacao_superior/enade/provas/2014/39_sistemas_informacao.pdf,http://download.inep.gov.br/educacao_superior/enade/relatorio_sintese/2014/2014_rel_sistemas_de_informacao.pdf,http://enadeies.inep.gov.br/enadeResultadoPDF/2014/relatorio/cursos/4006005824316907.pdf,
SI,2014,Específica,Objetiva,18,Engenharia de Software,"P 06: atuação como agente de mudança no contexto organizacional;
R 04: identificar oportunidades de mudanças e projetar soluções usando TICs nas organizações;
OC 07: Arquitetura empresarial",E,"42,9","22,9","22,3","20,6",,,http://download.inep.gov.br/educacao_superior/enade/provas/2014/39_sistemas_informacao.pdf,http://download.inep.gov.br/educacao_superior/enade/relatorio_sintese/2014/2014_rel_sistemas_de_informacao.pdf,http://enadeies.inep.gov.br/enadeResultadoPDF/2014/relatorio/cursos/4006005824316907.pdf,
SI,2014,Específica,Objetiva,19,Fundamentos de Programação e Linguagens de Programação;,"P 06 atuação como agente de mudança no contexto organizacional
R 06 comparar soluções alternativas para demandas organizacionais, incluindo a
análise de risco e integração das soluções propostas
OC 09 Arquitetura e Organização de Computadores",C,-,-,-,-,,,http://download.inep.gov.br/educacao_superior/enade/provas/2014/39_sistemas_informacao.pdf,http://download.inep.gov.br/educacao_superior/enade/relatorio_sintese/2014/2014_rel_sistemas_de_informacao.pdf,http://enadeies.inep.gov.br/enadeResultadoPDF/2014/relatorio/cursos/4006005824316907.pdf,
SI,2014,Específica,Objetiva,20,Algoritmos e Estruturas de Dados,"P 01 atualização contínua e aprimoramento de suas competências e habilidades
R 02 selecionar, configurar e gerenciar TICs nas Organizações OC 11 Redes de Computadores e Sistemas Distribuídos",A,-,-,-,-,,,http://download.inep.gov.br/educacao_superior/enade/provas/2014/39_sistemas_informacao.pdf,http://download.inep.gov.br/educacao_superior/enade/relatorio_sintese/2014/2014_rel_sistemas_de_informacao.pdf,http://enadeies.inep.gov.br/enadeResultadoPDF/2014/relatorio/cursos/4006005824316907.pdf,
SI,2014,Específica,Objetiva,21,Probabilidade e Estatística,"P 02: sensibilidade frente a questões sociais, profissionais, legais, éticas, políticas, humanísticas e tecnológicas;
R 10: gerenciar projetos na área de Sistemas de Informação;
OC 13: Gerência de Projetos",B,"19,0","20,5","18,2","0,8",,,http://download.inep.gov.br/educacao_superior/enade/provas/2014/39_sistemas_informacao.pdf,http://download.inep.gov.br/educacao_superior/enade/relatorio_sintese/2014/2014_rel_sistemas_de_informacao.pdf,http://enadeies.inep.gov.br/enadeResultadoPDF/2014/relatorio/cursos/4006005824316907.pdf,
SI,2014,Específica,Objetiva,22,Pesquisa Operacional,"P 01: atualização contínua e aprimoramento de suas competências e habilidades;
R 07: gerenciar, manter e garantir a segurança dos sistemas de informação e da infraestrutura de TIC das organizações;
OC 16 Segurança e Auditoria de Sistemas",D,"33,3",43,"39,2","-5,9",,,http://download.inep.gov.br/educacao_superior/enade/provas/2014/39_sistemas_informacao.pdf,http://download.inep.gov.br/educacao_superior/enade/relatorio_sintese/2014/2014_rel_sistemas_de_informacao.pdf,http://enadeies.inep.gov.br/enadeResultadoPDF/2014/relatorio/cursos/4006005824316907.pdf,
SI,2014,Específica,Objetiva,23,Fundamentos de Programação e Linguagens de Programação,"P 05: pensamento criativo, crítico e sistêmico que possibilite a análise, a compreensão e a resolução de problemas organizacionais;
R 02: selecionar, configurar e gerenciar TICs nas Organizações;
OC 11 Redes de Computadores e Sistemas Distribuídos",D,-,-,-,-,,,http://download.inep.gov.br/educacao_superior/enade/provas/2014/39_sistemas_informacao.pdf,http://download.inep.gov.br/educacao_superior/enade/relatorio_sintese/2014/2014_rel_sistemas_de_informacao.pdf,http://enadeies.inep.gov.br/enadeResultadoPDF/2014/relatorio/cursos/4006005824316907.pdf,
SI,2014,Específica,Objetiva,24,"Fundamentos de Programação e Linguagens de
Programação","P 06: atuação como agente de mudança no contexto organizacional;
R 04: identificar oportunidades de mudanças e projetar soluções usando TICs nas organizações;
OC 12: Engenharia de Software",E,"42,9","49,8","46,6","-3,7",,,http://download.inep.gov.br/educacao_superior/enade/provas/2014/39_sistemas_informacao.pdf,http://download.inep.gov.br/educacao_superior/enade/relatorio_sintese/2014/2014_rel_sistemas_de_informacao.pdf,http://enadeies.inep.gov.br/enadeResultadoPDF/2014/relatorio/cursos/4006005824316907.pdf,
SI,2014,Específica,Objetiva,25,Fundamentos de Sistemas de Informação e Teoria Geral de Sistemas; Banco de Dados,"P 06: atuação como agente de mudança no contexto organizacional;
R 13: conduzir e participar de processos de negociação;
OC 13: Gerência de Projetos",C,"71,4","57,9","55,1","16,3",,,http://download.inep.gov.br/educacao_superior/enade/provas/2014/39_sistemas_informacao.pdf,http://download.inep.gov.br/educacao_superior/enade/relatorio_sintese/2014/2014_rel_sistemas_de_informacao.pdf,http://enadeies.inep.gov.br/enadeResultadoPDF/2014/relatorio/cursos/4006005824316907.pdf,
SI,2014,Específica,Objetiva,26,"Fundamentos de Sistemas de Informação e Teoria Geral de Sistemas; Governança de Tecnologia da Informação e
Comunicação","P 02: sensibilidade frente a questões sociais, profissionais, legais, éticas, políticas, humanísticas e tecnológicas;
R 08: desenvolver, evoluir e administrar os sistemas de informação das organizações;
OC 14: Qualidade de Processo e Produto",B,"47,6","34,9",34,"13,6",,,http://download.inep.gov.br/educacao_superior/enade/provas/2014/39_sistemas_informacao.pdf,http://download.inep.gov.br/educacao_superior/enade/relatorio_sintese/2014/2014_rel_sistemas_de_informacao.pdf,http://enadeies.inep.gov.br/enadeResultadoPDF/2014/relatorio/cursos/4006005824316907.pdf,
SI,2014,Específica,Objetiva,27,Sistemas Operacionais,"P 04 compreensão do impacto da Tecnologia da Informação e Comunicação (TIC)
no que concerne ao atendimento e à antecipação estratégica das necessidades
da sociedade e, em particular, das organizações
R 08: desenvolver, evoluir e administrar os sistemas de informação das organizações;
OC 14 Qualidade de Processo e Produto OC 06 Fundamentos de Sistemas de Informação e Teoria Geral de Sistemas",C,"76,2","59,1","52,7","23,5",,,http://download.inep.gov.br/educacao_superior/enade/provas/2014/39_sistemas_informacao.pdf,http://download.inep.gov.br/educacao_superior/enade/relatorio_sintese/2014/2014_rel_sistemas_de_informacao.pdf,http://enadeies.inep.gov.br/enadeResultadoPDF/2014/relatorio/cursos/4006005824316907.pdf,
SI,2014,Específica,Objetiva,28,Arquitetura empresarial,"P 02: sensibilidade frente a questões sociais, profissionais, legais, éticas, políticas, humanísticas e tecnológicas; R 09: aprimorar a
experiência de usuários de sistemas de informação incluindo aspectos de interação humano-computador; OC 15: Interação Humano-
Computador",C,"81,0",63,"55,6","25,4",,,http://download.inep.gov.br/educacao_superior/enade/provas/2014/39_sistemas_informacao.pdf,http://download.inep.gov.br/educacao_superior/enade/relatorio_sintese/2014/2014_rel_sistemas_de_informacao.pdf,http://enadeies.inep.gov.br/enadeResultadoPDF/2014/relatorio/cursos/4006005824316907.pdf,
SI,2014,Específica,Objetiva,29,Arquitetura e Organização de Computadores,"P 02: sensibilidade frente a questões sociais, profissionais, legais, éticas, políticas, humanísticas e tecnológicas; R 07: gerenciar,
manter e garantir a segurança dos sistemas de informação e da infraestrutura de TIC das organizações; OC 16: Segurança e
Auditoria de Sistemas",A,"95,2","84,7","79,4","15,8",,,http://download.inep.gov.br/educacao_superior/enade/provas/2014/39_sistemas_informacao.pdf,http://download.inep.gov.br/educacao_superior/enade/relatorio_sintese/2014/2014_rel_sistemas_de_informacao.pdf,http://enadeies.inep.gov.br/enadeResultadoPDF/2014/relatorio/cursos/4006005824316907.pdf,
SI,2014,Específica,Objetiva,30,Redes de Computadores e Sistemas Distribuídos,"P 05 pensamento criativo, crítico e sistêmico que possibilite a análise, a compreensão
e a resolução de problemas organizacionais
R 08 desenvolver, evoluir e administrar os sistemas de informação das organizações
OC 17 Banco de Dados",C,"47,6","44,8","43,5","4,1",,,http://download.inep.gov.br/educacao_superior/enade/provas/2014/39_sistemas_informacao.pdf,http://download.inep.gov.br/educacao_superior/enade/relatorio_sintese/2014/2014_rel_sistemas_de_informacao.pdf,http://enadeies.inep.gov.br/enadeResultadoPDF/2014/relatorio/cursos/4006005824316907.pdf,
SI,2014,Específica,Objetiva,31,Gerência de Projetos,"P 05 pensamento criativo, crítico e sistêmico que possibilite a análise, a compreensão
e a resolução de problemas organizacionais
R 08 desenvolver, evoluir e administrar os sistemas de informação das organizações
OC 17 Banco de Dados",E,-,-,-,-,,,http://download.inep.gov.br/educacao_superior/enade/provas/2014/39_sistemas_informacao.pdf,http://download.inep.gov.br/educacao_superior/enade/relatorio_sintese/2014/2014_rel_sistemas_de_informacao.pdf,http://enadeies.inep.gov.br/enadeResultadoPDF/2014/relatorio/cursos/4006005824316907.pdf,
SI,2014,Específica,Objetiva,32,Segurança e Auditoria de Sistemas,"P 05: pensamento criativo, crítico e sistêmico que possibilite a análise, a compreensão e a resolução de problemas organizacionais;
R 11 modelar e aprimorar processos de negócio O
C 19: Modelagem de Processos de Negócio",B,"57,1",55,"51,4","5,7",,,http://download.inep.gov.br/educacao_superior/enade/provas/2014/39_sistemas_informacao.pdf,http://download.inep.gov.br/educacao_superior/enade/relatorio_sintese/2014/2014_rel_sistemas_de_informacao.pdf,http://enadeies.inep.gov.br/enadeResultadoPDF/2014/relatorio/cursos/4006005824316907.pdf,
SI,2014,Específica,Objetiva,33,Redes de Computadores e Sistemas Distribuídos,"P 02: sensibilidade frente a questões sociais, profissionais, legais, éticas, políticas, humanísticas e tecnológicas;
R 04 identificar oportunidades de mudanças e projetar soluções usando TICs nas
organizações
OC 20: Informática e Sociedade",C,"28,6","19,4",19,"9,6",,,http://download.inep.gov.br/educacao_superior/enade/provas/2014/39_sistemas_informacao.pdf,http://download.inep.gov.br/educacao_superior/enade/relatorio_sintese/2014/2014_rel_sistemas_de_informacao.pdf,http://enadeies.inep.gov.br/enadeResultadoPDF/2014/relatorio/cursos/4006005824316907.pdf,
SI,2014,Específica,Objetiva,34,Engenharia de Software,"P 03: atuação empreendedora e cooperativa no atendimento às demandas sociais da região onde atua, do Brasil e do mundo;
R 03: atuar nos níveis operacional, tático e estratégico para atingir os objetivos organizacionais, usando as TICs;
OC 18: Gestão do Conhecimento",C,-,-,-,-,,,http://download.inep.gov.br/educacao_superior/enade/provas/2014/39_sistemas_informacao.pdf,http://download.inep.gov.br/educacao_superior/enade/relatorio_sintese/2014/2014_rel_sistemas_de_informacao.pdf,http://enadeies.inep.gov.br/enadeResultadoPDF/2014/relatorio/cursos/4006005824316907.pdf,
SI,2014,Específica,Objetiva,35,Gerência de Projetos,"P 01: atualização contínua e aprimoramento de suas competências e habilidades;
R 14: ler e interpretar textos técnicos na língua inglesa;
OC 12: Engenharia de Software",C,-,-,-,-,,,http://download.inep.gov.br/educacao_superior/enade/provas/2014/39_sistemas_informacao.pdf,http://download.inep.gov.br/educacao_superior/enade/relatorio_sintese/2014/2014_rel_sistemas_de_informacao.pdf,http://enadeies.inep.gov.br/enadeResultadoPDF/2014/relatorio/cursos/4006005824316907.pdf,